model,error_type,severity,step_name,prev_step,fr_prev,fr_curr,attenuation
claude-3-haiku,factual,1,filter,search,0.09065543072398573,0.05401366929420332,0.404187163826333
claude-3-haiku,factual,1,summarize,filter,0.05401366929420332,0.0679257199192252,-0.2575653683004815
claude-3-haiku,factual,1,compose,summarize,0.0679257199192252,0.6560899060448041,-8.658931945439848
claude-3-haiku,omission,1,filter,search,0.11715395547460662,0.1077933467501164,0.07990006557242668
claude-3-haiku,omission,1,summarize,filter,0.1077933467501164,0.07509677704050817,0.3033264175886896
claude-3-haiku,omission,1,compose,summarize,0.07509677704050817,0.3460490463215258,-3.6080412496912144
claude-3-haiku,semantic,1,filter,search,0.010847947929850187,0.0,1.0
claude-3-haiku,semantic,1,summarize,filter,0.0,0.09871632616163456,-1.0
claude-3-haiku,semantic,1,compose,summarize,0.09871632616163456,0.17844874344603165,-0.807692307692307
