{
  "claude-haiku-3": {
    "distances": [
      1,
      2,
      3,
      4
    ],
    "mean_persistence": [
      0.018257,
      0.016893,
      0.011596,
      0.009487
    ],
    "std_persistence": [
      0.036087,
      0.040299,
      0.027436,
      0.02398
    ],
    "n_per_step": [
      6843,
      5258,
      3557,
      1774
    ],
    "fit": {
      "exponential": {
        "params": [
          0.023685149565377678,
          0.22029614751150933
        ],
        "ss_res": 3.778297038107366e-06,
        "aicc": -39.48970267115356
      },
      "linear": {
        "params": [
          0.2072689502852415,
          0.1890118986996796
        ],
        "ss_res": 0.0005098317585907645,
        "aicc": -19.87089339333508
      },
      "flat": {
        "params": [
          0.014058166954971578
        ],
        "ss_res": 5.262345865321286e-05,
        "aicc": -40.95454126246723
      },
      "best_model": "flat",
      "delta_aicc": {
        "exponential": 1.4648385913136721,
        "linear": 21.08364786913215,
        "flat": 0.0
      }
    }
  },
  "claude-sonnet-3-7": {
    "distances": [
      1,
      2,
      3,
      4
    ],
    "mean_persistence": [
      0.022696,
      0.013978,
      0.010399,
      0.012655
    ],
    "std_persistence": [
      0.041969,
      0.031519,
      0.023052,
      0.024945
    ],
    "n_per_step": [
      557,
      426,
      294,
      150
    ],
    "fit": {
      "exponential": {
        "params": [
          0.027510050005602697,
          0.26370052251628107
        ],
        "ss_res": 2.1280275451046486e-05,
        "aicc": -32.57602205597542
      },
      "linear": {
        "params": [
          0.2110147616453783,
          0.18831863776746088
        ],
        "ss_res": 0.00046367781726137296,
        "aicc": -20.25045641887963
      },
      "flat": {
        "params": [
          0.014932093232581777
        ],
        "ss_res": 8.692222311708795e-05,
        "aicc": -38.94714634251923
      },
      "best_model": "flat",
      "delta_aicc": {
        "exponential": 6.371124286543811,
        "linear": 18.696689923639603,
        "flat": 0.0
      }
    }
  },
  "claude-sonnet-4": {
    "distances": [
      1,
      2,
      3,
      4
    ],
    "mean_persistence": [
      0.023231,
      0.012004,
      0.012873,
      0.016096
    ],
    "std_persistence": [
      0.041564,
      0.024564,
      0.022651,
      0.0259
    ],
    "n_per_step": [
      558,
      427,
      294,
      150
    ],
    "fit": {
      "exponential": {
        "params": [
          0.02332002541033248,
          0.1565959658357167
        ],
        "ss_res": 5.237537370048389e-05,
        "aicc": -28.973443074506797
      },
      "linear": {
        "params": [
          0.21176867803876442,
          0.18853777122872858
        ],
        "ss_res": 0.0005688804579223423,
        "aicc": -19.43253558167943
      },
      "flat": {
        "params": [
          0.016050899743659846
        ],
        "ss_res": 7.80299588148329e-05,
        "aicc": -39.37882781017811
      },
      "best_model": "flat",
      "delta_aicc": {
        "exponential": 10.405384735671312,
        "linear": 19.946292228498677,
        "flat": 0.0
      }
    }
  },
  "llama-3.1-8b": {
    "distances": [
      1,
      2,
      3,
      4
    ],
    "mean_persistence": [
      0.031927,
      0.026015,
      0.020679,
      0.019298
    ],
    "std_persistence": [
      0.053259,
      0.048192,
      0.039423,
      0.036469
    ],
    "n_per_step": [
      22028,
      16631,
      10708,
      5336
    ],
    "fit": {
      "exponential": {
        "params": [
          0.037828313355139115,
          0.18256878977880284
        ],
        "ss_res": 2.810972129510432e-06,
        "aicc": -40.67252901040964
      },
      "linear": {
        "params": [
          0.21041924198768708,
          0.17849237531799395
        ],
        "ss_res": 0.0014768103144491567,
        "aicc": -15.61665920072939
      },
      "flat": {
        "params": [
          0.02447971475893728
        ],
        "ss_res": 9.910939107779079e-05,
        "aicc": -38.422306730603644
      },
      "best_model": "exponential",
      "delta_aicc": {
        "exponential": 0.0,
        "linear": 25.05586980968025,
        "flat": 2.250222279805996
      }
    }
  },
  "aggregate": {
    "distances": [
      1,
      2,
      3,
      4
    ],
    "mean_persistence": [
      0.028474,
      0.023417,
      0.018146,
      0.01675
    ],
    "fit": {
      "exponential": {
        "params": [
          0.034250489122113044,
          0.1919411238760498
        ],
        "ss_res": 2.017205776274368e-06,
        "aicc": -41.99957347966585
      },
      "linear": {
        "params": [
          0.20974571888261595,
          0.18127167732989136
        ],
        "ss_res": 0.0011581984946791965,
        "aicc": -16.58873407454628
      },
      "flat": {
        "params": [
          0.021696768641664935
        ],
        "ss_res": 8.597045906574507e-05,
        "aicc": -38.991186113301474
      },
      "best_model": "exponential",
      "delta_aicc": {
        "exponential": 0.0,
        "linear": 25.410839405119567,
        "flat": 3.0083873663643743
      }
    }
  }
}