{
  "claude-haiku-3": {
    "distances": [
      1,
      2,
      3,
      4
    ],
    "mean_persistence": [
      0.018257,
      0.016893,
      0.011596,
      0.009487
    ],
    "std_persistence": [
      0.036087,
      0.040299,
      0.027436,
      0.02398
    ],
    "n_per_step": [
      6843,
      5258,
      3557,
      1774
    ],
    "fit": {
      "exponential": {
        "params": [
          0.02368514956436794,
          0.22029614749009907
        ],
        "ss_res": 3.7782970381072407e-06,
        "aicc": -39.489702671153694
      },
      "linear": {
        "params": [
          0.20726895028524162,
          0.18901189869967974
        ],
        "ss_res": 0.0005098317585907645,
        "aicc": -19.870893393335074
      },
      "flat": {
        "params": [
          0.014058166954971578
        ],
        "ss_res": 5.262345865321286e-05,
        "aicc": -40.95454126246723
      },
      "best_model": "flat",
      "delta_aicc": {
        "exponential": 1.464838591313537,
        "linear": 21.083647869132157,
        "flat": 0.0
      }
    }
  },
  "claude-sonnet-3-7": {
    "distances": [
      1,
      2,
      3,
      4
    ],
    "mean_persistence": [
      0.022696,
      0.013978,
      0.010399,
      0.012655
    ],
    "std_persistence": [
      0.041969,
      0.031519,
      0.023052,
      0.024945
    ],
    "n_per_step": [
      557,
      426,
      294,
      150
    ],
    "fit": {
      "exponential": {
        "params": [
          0.027510050000217938,
          0.26370052240881003
        ],
        "ss_res": 2.1280275451038887e-05,
        "aicc": -32.57602205597684
      },
      "linear": {
        "params": [
          0.2110147616453783,
          0.18831863776746088
        ],
        "ss_res": 0.00046367781726137296,
        "aicc": -20.25045641887963
      },
      "flat": {
        "params": [
          0.014932093232581777
        ],
        "ss_res": 8.692222311708795e-05,
        "aicc": -38.94714634251923
      },
      "best_model": "flat",
      "delta_aicc": {
        "exponential": 6.37112428654239,
        "linear": 18.696689923639603,
        "flat": 0.0
      }
    }
  },
  "claude-sonnet-4": {
    "distances": [
      1,
      2,
      3,
      4
    ],
    "mean_persistence": [
      0.023231,
      0.012004,
      0.012873,
      0.016096
    ],
    "std_persistence": [
      0.041564,
      0.024564,
      0.022651,
      0.0259
    ],
    "n_per_step": [
      558,
      427,
      294,
      150
    ],
    "fit": {
      "exponential": {
        "params": [
          0.023320025409051866,
          0.15659596581500562
        ],
        "ss_res": 5.23753737004828e-05,
        "aicc": -28.973443074506875
      },
      "linear": {
        "params": [
          0.21176867803876442,
          0.18853777122872858
        ],
        "ss_res": 0.0005688804579223423,
        "aicc": -19.43253558167943
      },
      "flat": {
        "params": [
          0.016050899743659846
        ],
        "ss_res": 7.80299588148329e-05,
        "aicc": -39.3788278101781
      },
      "best_model": "flat",
      "delta_aicc": {
        "exponential": 10.405384735671227,
        "linear": 19.94629222849867,
        "flat": 0.0
      }
    }
  },
  "llama-3.1-8b": {
    "distances": [
      1,
      2,
      3,
      4
    ],
    "mean_persistence": [
      0.031927,
      0.026015,
      0.020679,
      0.019298
    ],
    "std_persistence": [
      0.053259,
      0.048192,
      0.039423,
      0.036469
    ],
    "n_per_step": [
      22028,
      16631,
      10708,
      5336
    ],
    "fit": {
      "exponential": {
        "params": [
          0.03782831334143847,
          0.18256878960463202
        ],
        "ss_res": 2.8109721295080765e-06,
        "aicc": -40.672529010412994
      },
      "linear": {
        "params": [
          0.210419241987687,
          0.17849237531799392
        ],
        "ss_res": 0.0014768103144491562,
        "aicc": -15.61665920072939
      },
      "flat": {
        "params": [
          0.02447971475893728
        ],
        "ss_res": 9.910939107779076e-05,
        "aicc": -38.422306730603644
      },
      "best_model": "exponential",
      "delta_aicc": {
        "exponential": 0.0,
        "linear": 25.055869809683603,
        "flat": 2.25022227980935
      }
    }
  },
  "aggregate": {
    "distances": [
      1,
      2,
      3,
      4
    ],
    "mean_persistence": [
      0.028474,
      0.023417,
      0.018146,
      0.01675
    ],
    "fit": {
      "exponential": {
        "params": [
          0.034250489113540755,
          0.19194112375196146
        ],
        "ss_res": 2.017205776270794e-06,
        "aicc": -41.99957347967293
      },
      "linear": {
        "params": [
          0.2097457188826159,
          0.1812716773298913
        ],
        "ss_res": 0.0011581984946791965,
        "aicc": -16.58873407454628
      },
      "flat": {
        "params": [
          0.02169676864166493
        ],
        "ss_res": 8.597045906574502e-05,
        "aicc": -38.99118611330148
      },
      "best_model": "exponential",
      "delta_aicc": {
        "exponential": 0.0,
        "linear": 25.41083940512665,
        "flat": 3.0083873663714513
      }
    }
  }
}