{
  "mu_step": {
    "mean": [
      -0.002377360826358199,
      -1.8807255029678345,
      -1.7448817491531372,
      -1.8476264476776123,
      -1.9674944877624512
    ],
    "std": [
      1.0108942985534668,
      0.3373904228210449,
      0.3371855914592743,
      0.33728674054145813,
      0.3372154235839844
    ],
    "ci_2.5": [
      -1.9324054718017578,
      -2.5366499423980713,
      -2.4034059047698975,
      -2.5020718574523926,
      -2.6213114261627197
    ],
    "ci_97.5": [
      1.9926925897598267,
      -1.2015279531478882,
      -1.06143319606781,
      -1.1658573150634766,
      -1.2905974388122559
    ]
  },
  "alpha_model": {
    "mean": [
      -0.37979814410209656,
      -0.42611241340637207,
      -0.7051509022712708,
      -0.3930172622203827
    ],
    "std": [
      0.23630987107753754,
      0.2372138798236847,
      0.23619258403778076,
      0.2364257127046585
    ],
    "ci_2.5": [
      -0.8324703574180603,
      -0.8871651887893677,
      -1.159560203552246,
      -0.8509321212768555
    ],
    "ci_97.5": [
      0.0875164121389389,
      0.04685576260089874,
      -0.23373666405677795,
      0.07389304041862488
    ]
  },
  "beta_type": {
    "mean": [
      -0.42830437421798706,
      -0.49416235089302063,
      -0.47213006019592285,
      -0.47632431983947754
    ],
    "std": [
      0.22568459808826447,
      0.22575053572654724,
      0.22606651484966278,
      0.2262236475944519
    ],
    "ci_2.5": [
      -0.8716928362846375,
      -0.9348294734954834,
      -0.9162420630455017,
      -0.9171299934387207
    ],
    "ci_97.5": [
      0.016387928277254105,
      -0.048979390412569046,
      -0.024646252393722534,
      -0.0322725847363472
    ]
  },
  "gamma_domain": {
    "mean": [
      -0.7755664587020874,
      -0.7156596183776855,
      -0.3599916398525238
    ],
    "std": [
      0.26128968596458435,
      0.2612897455692291,
      0.2611589729785919
    ],
    "ci_2.5": [
      -1.2923202514648438,
      -1.2290494441986084,
      -0.8760965466499329
    ],
    "ci_97.5": [
      -0.2634302079677582,
      -0.20492008328437805,
      0.150912344455719
    ]
  },
  "beta_severity": {
    "mean": 0.04169874265789986,
    "std": 0.0020935852080583572,
    "ci_2.5": 0.03752854838967323,
    "ci_97.5": 0.0457022562623024
  },
  "phi": {
    "mean": 17.42327117919922,
    "std": 0.11927235871553421,
    "ci_2.5": 17.187522888183594,
    "ci_97.5": 17.649188995361328
  },
  "robustness_ranking": [
    {
      "model": "claude-haiku-3",
      "alpha_mean": -0.7051516771316528,
      "alpha_ci": [
        -1.159560203552246,
        -0.23373666405677795
      ]
    },
    {
      "model": "claude-sonnet-3-7",
      "alpha_mean": -0.42611244320869446,
      "alpha_ci": [
        -0.8871651887893677,
        0.04685576260089874
      ]
    },
    {
      "model": "claude-sonnet-4",
      "alpha_mean": -0.3930169641971588,
      "alpha_ci": [
        -0.8509321212768555,
        0.07389304041862488
      ]
    },
    {
      "model": "llama-3.1-8b",
      "alpha_mean": -0.3797982931137085,
      "alpha_ci": [
        -0.8324703574180603,
        0.0875164121389389
      ]
    }
  ]
}