{
  "factual": {
    "linear_r2_train": 0.1183335322585054,
    "linear_r2_cv": 0.05022513149198162,
    "linear_r2_cv_std": 0.05533783198947974,
    "poly_r2_train": 0.22500423417306215,
    "poly_r2_cv": -0.1506727305175308,
    "poly_r2_cv_std": 0.17026242259049432,
    "intercept": 0.2627201373391846,
    "coefficients": {
      "error_step": {
        "beta": 0.053004462047643607,
        "ci_lo": 0.038400488877126875,
        "ci_hi": 0.06735039106217987
      },
      "injection_position": {
        "beta": -0.01909693603149727,
        "ci_lo": -0.031520916759021425,
        "ci_hi": -0.006078833375693465
      },
      "n_verbs": {
        "beta": -0.014364949714236441,
        "ci_lo": -0.033759475233699474,
        "ci_hi": 0.002876303593831415
      },
      "n_words_changed": {
        "beta": 0.012274820727841045,
        "ci_lo": -0.0017785746890768715,
        "ci_hi": 0.02462700779904109
      },
      "n_sentences_affected": {
        "beta": 0.00841939555429209,
        "ci_lo": -0.0036885956445714533,
        "ci_hi": 0.022098204865030578
      },
      "delta_word_count": {
        "beta": -0.00509649978370702,
        "ci_lo": -0.06609993927700258,
        "ci_hi": 0.04771461478067382
      },
      "n_adjs": {
        "beta": 0.005002758868584997,
        "ci_lo": -0.008716716749282599,
        "ci_hi": 0.01960034617957999
      },
      "n_nouns": {
        "beta": -0.003427475211519522,
        "ci_lo": -0.039649337090206654,
        "ci_hi": 0.03509366053831663
      },
      "severity": {
        "beta": 0.002407528064611865,
        "ci_lo": -0.013408371564954093,
        "ci_hi": 0.01782337333808211
      },
      "n_advs": {
        "beta": 0.002298471130201888,
        "ci_lo": -0.008648888153240029,
        "ci_hi": 0.013772500127528965
      },
      "n_entities": {
        "beta": 0.00041178518156887,
        "ci_lo": -0.015956095460914397,
        "ci_hi": 0.018095720171660806
      }
    },
    "n": 671
  },
  "omission": {
    "linear_r2_train": 0.031263390441991556,
    "linear_r2_cv": -0.08404930200662272,
    "linear_r2_cv_std": 0.07431379435108298,
    "poly_r2_train": 0.16668045181773194,
    "poly_r2_cv": -0.2204657969194057,
    "poly_r2_cv_std": 0.11470870162166064,
    "intercept": 0.2703314488160515,
    "coefficients": {
      "n_words_changed": {
        "beta": 0.2750328025739246,
        "ci_lo": -0.49737127538632775,
        "ci_hi": 1.0170697799245676
      },
      "delta_word_count": {
        "beta": -0.2370218238149127,
        "ci_lo": -1.0280650612212365,
        "ci_hi": 0.5569224929322252
      },
      "n_nouns": {
        "beta": -0.08564920337521302,
        "ci_lo": -0.16262601070452434,
        "ci_hi": -0.007866915214973225
      },
      "n_entities": {
        "beta": 0.024507032877584326,
        "ci_lo": -0.016214342567436826,
        "ci_hi": 0.07121360023928015
      },
      "n_adjs": {
        "beta": 0.02304052580613546,
        "ci_lo": -0.0062689134926987985,
        "ci_hi": 0.05562491904018517
      },
      "n_sentences_affected": {
        "beta": 0.015514813508969674,
        "ci_lo": -0.05982875997262512,
        "ci_hi": 0.08465707360876255
      },
      "error_step": {
        "beta": 0.014613575265831272,
        "ci_lo": -0.013164692012918876,
        "ci_hi": 0.04552843008799647
      },
      "n_advs": {
        "beta": -0.010108380920114084,
        "ci_lo": -0.030500875923074332,
        "ci_hi": 0.011941185653843287
      },
      "injection_position": {
        "beta": 0.006662771642294299,
        "ci_lo": -0.015177953662447605,
        "ci_hi": 0.02787256816394569
      },
      "severity": {
        "beta": 0.005172390937538054,
        "ci_lo": -0.014556501835366352,
        "ci_hi": 0.02282997992746198
      },
      "n_verbs": {
        "beta": 0.004510698176638434,
        "ci_lo": -0.05119284115342635,
        "ci_hi": 0.05642456289015754
      }
    },
    "n": 449
  },
  "semantic": {
    "linear_r2_train": 0.2706257247360635,
    "linear_r2_cv": 0.10957665250564183,
    "linear_r2_cv_std": 0.2622283654261191,
    "poly_r2_train": 0.4541539673730589,
    "poly_r2_cv": -0.21364064220771936,
    "poly_r2_cv_std": 0.3933821396981541,
    "intercept": 0.1182995053876026,
    "coefficients": {
      "delta_word_count": {
        "beta": 0.34433464351853493,
        "ci_lo": 0.19201781070117335,
        "ci_hi": 0.496506472526777
      },
      "n_nouns": {
        "beta": -0.16750452856678597,
        "ci_lo": -0.22320468408372582,
        "ci_hi": -0.11095770382262692
      },
      "error_step": {
        "beta": 0.07456035416091428,
        "ci_lo": 0.055183426977798725,
        "ci_hi": 0.09377472797797909
      },
      "n_entities": {
        "beta": -0.0721829680126824,
        "ci_lo": -0.11488771897113588,
        "ci_hi": -0.028315274262509803
      },
      "n_verbs": {
        "beta": -0.07105716447988837,
        "ci_lo": -0.12832546532143702,
        "ci_hi": -0.014370691928480468
      },
      "n_advs": {
        "beta": -0.05787210211106622,
        "ci_lo": -0.0756566840505381,
        "ci_hi": -0.04004941934430375
      },
      "n_adjs": {
        "beta": -0.03411562831810016,
        "ci_lo": -0.06104248440574593,
        "ci_hi": -0.002986485838410478
      },
      "n_sentences_affected": {
        "beta": -0.028747100007216145,
        "ci_lo": -0.06822350682200212,
        "ci_hi": 0.010597383435874286
      },
      "n_words_changed": {
        "beta": 0.014807756972975141,
        "ci_lo": -0.004248783349608715,
        "ci_hi": 0.03332859002535736
      },
      "injection_position": {
        "beta": -0.005616202866680214,
        "ci_lo": -0.020911735764375033,
        "ci_hi": 0.009705489123993629
      },
      "severity": {
        "beta": -0.0013568235878118106,
        "ci_lo": -0.02215599991880052,
        "ci_hi": 0.01944271567085874
      }
    },
    "n": 599
  }
}