{
  "factual": {
    "linear_r2_train": 0.12454804504870798,
    "linear_r2_cv": 0.012956283114087409,
    "linear_r2_cv_std": 0.07792740518197745,
    "poly_r2_train": 0.2374289531118059,
    "poly_r2_cv": -0.18911305433963316,
    "poly_r2_cv_std": 0.10997411373454204,
    "intercept": 0.22310075672772894,
    "coefficients": {
      "error_step": {
        "beta": 0.049841511632825304,
        "ci_lo": 0.035526754122225335,
        "ci_hi": 0.0642111971831481
      },
      "n_verbs": {
        "beta": -0.02526770089715125,
        "ci_lo": -0.04652689210177469,
        "ci_hi": -0.004697139005881489
      },
      "delta_word_count": {
        "beta": 0.020163682756089325,
        "ci_lo": -0.04874797783822912,
        "ci_hi": 0.08570010007340628
      },
      "injection_position": {
        "beta": -0.019099870988732358,
        "ci_lo": -0.03295586549757465,
        "ci_hi": -0.0034266599050640956
      },
      "n_nouns": {
        "beta": -0.016296605537743803,
        "ci_lo": -0.051024888883262516,
        "ci_hi": 0.023363579053053217
      },
      "n_words_changed": {
        "beta": 0.012814456526107588,
        "ci_lo": -0.0019127881223922288,
        "ci_hi": 0.027386115817556542
      },
      "n_sentences_affected": {
        "beta": 0.011540287121082767,
        "ci_lo": -0.0016373753943015297,
        "ci_hi": 0.024401663613542752
      },
      "n_entities": {
        "beta": -0.005429022632756588,
        "ci_lo": -0.028096973514537642,
        "ci_hi": 0.021109812436601205
      },
      "severity": {
        "beta": 0.0049965747835388034,
        "ci_lo": -0.01181096530062542,
        "ci_hi": 0.022328385117052783
      },
      "n_adjs": {
        "beta": -0.0021174061630896187,
        "ci_lo": -0.01858020201051453,
        "ci_hi": 0.014367517146268667
      },
      "n_advs": {
        "beta": 0.0005621423203798375,
        "ci_lo": -0.020455388992273556,
        "ci_hi": 0.0221648588247376
      }
    },
    "n": 599
  },
  "omission": {
    "linear_r2_train": 0.027902072697804647,
    "linear_r2_cv": -0.09061255708592926,
    "linear_r2_cv_std": 0.08245651256316547,
    "poly_r2_train": 0.13416779032044468,
    "poly_r2_cv": -0.4627487366554265,
    "poly_r2_cv_std": 0.2532682498667425,
    "intercept": 0.23131246646830983,
    "coefficients": {
      "n_words_changed": {
        "beta": 0.29474229731887225,
        "ci_lo": -0.42172025907060945,
        "ci_hi": 1.0448033893830198
      },
      "delta_word_count": {
        "beta": -0.2047141365002582,
        "ci_lo": -0.9596142916187378,
        "ci_hi": 0.5172827335370717
      },
      "n_nouns": {
        "beta": -0.09211382665314764,
        "ci_lo": -0.1684607957657443,
        "ci_hi": -0.013097198926367693
      },
      "n_verbs": {
        "beta": -0.02466007560754749,
        "ci_lo": -0.07786207570263552,
        "ci_hi": 0.028991555580185874
      },
      "n_sentences_affected": {
        "beta": 0.02405899329667797,
        "ci_lo": -0.04075696678820116,
        "ci_hi": 0.08957040047018794
      },
      "n_adjs": {
        "beta": 0.011952111843834795,
        "ci_lo": -0.01305854119665079,
        "ci_hi": 0.04172966345503873
      },
      "error_step": {
        "beta": 0.011945969037278978,
        "ci_lo": -0.015041875763708476,
        "ci_hi": 0.04084450905696508
      },
      "injection_position": {
        "beta": 0.006259032775484966,
        "ci_lo": -0.01520926409094288,
        "ci_hi": 0.028021001674421248
      },
      "severity": {
        "beta": 0.005809752553604307,
        "ci_lo": -0.015017708877007686,
        "ci_hi": 0.022936339298131197
      },
      "n_advs": {
        "beta": -0.005669745667288487,
        "ci_lo": -0.027641551733929424,
        "ci_hi": 0.0164285112970344
      },
      "n_entities": {
        "beta": -0.00153296714403732,
        "ci_lo": -0.03859909824447787,
        "ci_hi": 0.03724247860767735
      }
    },
    "n": 449
  },
  "semantic": {
    "linear_r2_train": 0.23714474413757525,
    "linear_r2_cv": 0.061509275695703705,
    "linear_r2_cv_std": 0.2135351509954836,
    "poly_r2_train": 0.44136187432649987,
    "poly_r2_cv": -0.3765622972306765,
    "poly_r2_cv_std": 0.3335681937690882,
    "intercept": 0.11829950538760259,
    "coefficients": {
      "delta_word_count": {
        "beta": 0.20507121685319601,
        "ci_lo": 0.09604626367380065,
        "ci_hi": 0.3215364648839774
      },
      "n_nouns": {
        "beta": -0.08934517728330532,
        "ci_lo": -0.1421605765133236,
        "ci_hi": -0.03740689574321114
      },
      "error_step": {
        "beta": 0.068369590016336,
        "ci_lo": 0.049981087783639126,
        "ci_hi": 0.08697652196839648
      },
      "n_entities": {
        "beta": -0.0536309300516629,
        "ci_lo": -0.092537944158152,
        "ci_hi": -0.01830719361905763
      },
      "n_adjs": {
        "beta": -0.050519423122442245,
        "ci_lo": -0.07314752687401384,
        "ci_hi": -0.028618070267535285
      },
      "n_advs": {
        "beta": -0.03836730443623666,
        "ci_lo": -0.05543268926357971,
        "ci_hi": -0.02173933715182416
      },
      "n_verbs": {
        "beta": -0.03440616906973258,
        "ci_lo": -0.08316947277403856,
        "ci_hi": 0.012529294121420918
      },
      "n_words_changed": {
        "beta": 0.02703440579578123,
        "ci_lo": 0.009009936762044065,
        "ci_hi": 0.04441784761625656
      },
      "n_sentences_affected": {
        "beta": -0.011040215873118375,
        "ci_lo": -0.048532434769355995,
        "ci_hi": 0.02553993993683998
      },
      "severity": {
        "beta": -0.004871789268744587,
        "ci_lo": -0.026474160309287193,
        "ci_hi": 0.01621382344748475
      },
      "injection_position": {
        "beta": -0.003624251686596469,
        "ci_lo": -0.018148707311737972,
        "ci_hi": 0.010493301375731106
      }
    },
    "n": 599
  }
}