{
  "factual": {
    "linear_r2_train": 0.20040856301491228,
    "linear_r2_cv": -0.03208162126342473,
    "linear_r2_cv_std": 0.2857345206618881,
    "poly_r2_train": 0.3396042959378146,
    "poly_r2_cv": -0.45453144491044206,
    "poly_r2_cv_std": 0.7718743073500733,
    "intercept": 0.08854019054138058,
    "coefficients": {
      "delta_word_count": {
        "beta": 0.2031178811438836,
        "ci_lo": -0.022272280792999623,
        "ci_hi": 0.40775100788179447
      },
      "n_words_changed": {
        "beta": -0.14429977407607664,
        "ci_lo": -0.2399511992465224,
        "ci_hi": -0.056781155644472885
      },
      "n_sentences_affected": {
        "beta": 0.13371515444250753,
        "ci_lo": 0.043430048950421525,
        "ci_hi": 0.2473682154706331
      },
      "n_nouns": {
        "beta": -0.09800623145179435,
        "ci_lo": -0.20189353380658318,
        "ci_hi": 0.010512088448511193
      },
      "n_adjs": {
        "beta": -0.09302856498971385,
        "ci_lo": -0.13873888029258896,
        "ci_hi": -0.05226906382463189
      },
      "n_entities": {
        "beta": 0.06450030637201129,
        "ci_lo": 0.041333734562756685,
        "ci_hi": 0.08480795274641266
      },
      "error_step": {
        "beta": 0.0486159056043722,
        "ci_lo": 0.03409462009902363,
        "ci_hi": 0.0658050369067722
      },
      "n_advs": {
        "beta": -0.04425085387045659,
        "ci_lo": -0.09424096045010996,
        "ci_hi": 0.006085340528829108
      },
      "n_verbs": {
        "beta": -0.0417447657997045,
        "ci_lo": -0.11193511640727032,
        "ci_hi": 0.02102539032137273
      },
      "severity_physical": {
        "beta": 0.021450411804297274,
        "ci_lo": -0.04997441413411317,
        "ci_hi": 0.08440775172976922
      },
      "injection_position": {
        "beta": 0.009574277858608038,
        "ci_lo": -0.012218708072442682,
        "ci_hi": 0.02894901381544742
      }
    },
    "n": 515
  },
  "omission": {
    "linear_r2_train": 0.15629087641315764,
    "linear_r2_cv": -0.1354911248530121,
    "linear_r2_cv_std": 0.06626864078796377,
    "poly_r2_train": 0.3471061507451795,
    "poly_r2_cv": -1.733046916383686,
    "poly_r2_cv_std": 3.0968610616924956,
    "intercept": 0.06707333537520525,
    "coefficients": {
      "n_sentences_affected": {
        "beta": -0.07925373477183581,
        "ci_lo": -0.10950933189908046,
        "ci_hi": -0.04796275333732798
      },
      "severity_physical": {
        "beta": 0.06778380020104137,
        "ci_lo": 0.05118971787902014,
        "ci_hi": 0.08192257485436122
      },
      "delta_word_count": {
        "beta": 0.05978410228647208,
        "ci_lo": -0.06121128876443087,
        "ci_hi": 0.20445949553238799
      },
      "n_nouns": {
        "beta": 0.058981288787098136,
        "ci_lo": -0.027355500616783174,
        "ci_hi": 0.13102779812724427
      },
      "n_verbs": {
        "beta": -0.04515283792169327,
        "ci_lo": -0.08566086932080111,
        "ci_hi": -0.006697182556162391
      },
      "n_entities": {
        "beta": -0.043547835077788095,
        "ci_lo": -0.08143941483440024,
        "ci_hi": -0.004533847392323688
      },
      "n_words_changed": {
        "beta": -0.040114324511144495,
        "ci_lo": -0.11796372838755864,
        "ci_hi": 0.014651721592233383
      },
      "n_advs": {
        "beta": 0.03721080310557177,
        "ci_lo": 0.01901553101852515,
        "ci_hi": 0.059750171579735195
      },
      "injection_position": {
        "beta": -0.018958433585264025,
        "ci_lo": -0.02845434173819244,
        "ci_hi": -0.008581744652693329
      },
      "error_step": {
        "beta": 0.003993549713991615,
        "ci_lo": -0.006883439345202402,
        "ci_hi": 0.015494417485802105
      },
      "n_adjs": {
        "beta": -0.00035834297439558895,
        "ci_lo": -0.027939370590430952,
        "ci_hi": 0.02718923027337457
      }
    },
    "n": 548
  },
  "semantic": {
    "linear_r2_train": 0.08191090870282469,
    "linear_r2_cv": -0.16424176855452782,
    "linear_r2_cv_std": 0.17690439064349384,
    "poly_r2_train": 0.3268389003056563,
    "poly_r2_cv": -0.38772493384348616,
    "poly_r2_cv_std": 0.4422353406308766,
    "intercept": 0.03918845488234889,
    "coefficients": {
      "delta_word_count": {
        "beta": 0.01942065522302077,
        "ci_lo": -0.007747083467560852,
        "ci_hi": 0.054556740644124094
      },
      "n_entities": {
        "beta": -0.018454752023716697,
        "ci_lo": -0.027573205035094583,
        "ci_hi": -0.009988104100855766
      },
      "n_nouns": {
        "beta": -0.014402026806233452,
        "ci_lo": -0.03697222240458415,
        "ci_hi": 0.0074505316621569714
      },
      "n_adjs": {
        "beta": 0.01276924249242194,
        "ci_lo": 0.0015321735231433203,
        "ci_hi": 0.0240908766810026
      },
      "n_words_changed": {
        "beta": -0.009625262739874213,
        "ci_lo": -0.02269403649993974,
        "ci_hi": -0.0037918077660912767
      },
      "severity_physical": {
        "beta": -0.007908124878330178,
        "ci_lo": -0.023512181286748642,
        "ci_hi": 0.00627329864026402
      },
      "injection_position": {
        "beta": -0.0072595345503798266,
        "ci_lo": -0.01672434336650901,
        "ci_hi": 0.0017816346147634496
      },
      "n_advs": {
        "beta": 0.0025143668258889185,
        "ci_lo": -0.009993718432495408,
        "ci_hi": 0.013431064367020617
      },
      "error_step": {
        "beta": -0.0025005102354788947,
        "ci_lo": -0.01018619490918428,
        "ci_hi": 0.00534107956878897
      },
      "n_verbs": {
        "beta": -4.432840723907563e-05,
        "ci_lo": -0.01124317144971047,
        "ci_hi": 0.009893268636583064
      },
      "n_sentences_affected": {
        "beta": -1.0842021724855044e-18,
        "ci_lo": -4.174720465155435e-17,
        "ci_hi": 5.0306980803327406e-17
      }
    },
    "n": 612
  }
}