{
  "factual": {
    "linear_r2_train": 0.20790900328522965,
    "linear_r2_cv": 0.07632811950967529,
    "linear_r2_cv_std": 0.1158061166503851,
    "poly_r2_train": 0.3684445038044116,
    "poly_r2_cv": -0.016443830385872625,
    "poly_r2_cv_std": 0.1417636923917898,
    "intercept": 0.23681055249888888,
    "coefficients": {
      "error_step": {
        "beta": 0.0714991761744406,
        "ci_lo": 0.05513863912068526,
        "ci_hi": 0.08752813662953511
      },
      "delta_word_count": {
        "beta": 0.04509879513897353,
        "ci_lo": -0.04381671667338404,
        "ci_hi": 0.12848456284300103
      },
      "injection_position": {
        "beta": -0.023700978429668524,
        "ci_lo": -0.03888114723191664,
        "ci_hi": -0.006961405597807626
      },
      "n_nouns": {
        "beta": 0.011001069516371073,
        "ci_lo": -0.041980941739428394,
        "ci_hi": 0.07304349362095776
      },
      "n_words_changed": {
        "beta": -0.007542734367503419,
        "ci_lo": -0.02286677311462232,
        "ci_hi": 0.01024997526403692
      },
      "n_entities": {
        "beta": -0.006910585031281876,
        "ci_lo": -0.03565977879437184,
        "ci_hi": 0.02129572693090537
      },
      "severity": {
        "beta": 0.0035748480621175757,
        "ci_lo": -0.01651791951356842,
        "ci_hi": 0.022113222703867504
      },
      "n_advs": {
        "beta": -0.002232398219190447,
        "ci_lo": -0.0260014534170792,
        "ci_hi": 0.02023633549941521
      },
      "n_sentences_affected": {
        "beta": -0.0013002252467283644,
        "ci_lo": -0.019968383628007083,
        "ci_hi": 0.01434924301448631
      },
      "n_adjs": {
        "beta": 0.0009925018062381542,
        "ci_lo": -0.017835440022646157,
        "ci_hi": 0.020402331042764614
      },
      "n_verbs": {
        "beta": 8.426004657422631e-06,
        "ci_lo": -0.02219407737417942,
        "ci_hi": 0.022877143371650914
      }
    },
    "n": 599
  },
  "omission": {
    "linear_r2_train": 0.1401186404533037,
    "linear_r2_cv": -0.16195870263318674,
    "linear_r2_cv_std": 0.16834038042336463,
    "poly_r2_train": 0.2495678444218269,
    "poly_r2_cv": -0.539081972290336,
    "poly_r2_cv_std": 0.23919944682258823,
    "intercept": 0.16424104940747247,
    "coefficients": {
      "delta_word_count": {
        "beta": -0.2030255550216478,
        "ci_lo": -1.0709419245079244,
        "ci_hi": 0.7425642159571494
      },
      "n_words_changed": {
        "beta": 0.1829996425305359,
        "ci_lo": -0.7208262489586064,
        "ci_hi": 1.0404297826205144
      },
      "n_nouns": {
        "beta": 0.13195077314231518,
        "ci_lo": 0.033095560631390554,
        "ci_hi": 0.21168715384912892
      },
      "n_sentences_affected": {
        "beta": -0.0808321172899003,
        "ci_lo": -0.15586082031114473,
        "ci_hi": 0.0045717737093127
      },
      "n_verbs": {
        "beta": 0.02857758100911861,
        "ci_lo": -0.027838082644336414,
        "ci_hi": 0.0834752989349436
      },
      "injection_position": {
        "beta": 0.02759287418982785,
        "ci_lo": 0.004251273168666688,
        "ci_hi": 0.04982806406433885
      },
      "error_step": {
        "beta": 0.027581812601348718,
        "ci_lo": 0.000998497346964614,
        "ci_hi": 0.0528845569180272
      },
      "n_entities": {
        "beta": 0.023043724667308065,
        "ci_lo": -0.026467510979272767,
        "ci_hi": 0.0686232681785079
      },
      "severity": {
        "beta": -0.012961127059705207,
        "ci_lo": -0.03499450462949083,
        "ci_hi": 0.006516680513554065
      },
      "n_advs": {
        "beta": -0.011759301386276726,
        "ci_lo": -0.03605657971034728,
        "ci_hi": 0.013330724435407186
      },
      "n_adjs": {
        "beta": -0.007201692235849964,
        "ci_lo": -0.03808311688222325,
        "ci_hi": 0.025738751016757613
      }
    },
    "n": 449
  },
  "semantic": {
    "linear_r2_train": 0.2993928760824488,
    "linear_r2_cv": 0.2024643874051797,
    "linear_r2_cv_std": 0.08926527603058414,
    "poly_r2_train": 0.4682755717001582,
    "poly_r2_cv": -0.10956180047606368,
    "poly_r2_cv_std": 0.4123706649364674,
    "intercept": 0.21063993010014792,
    "coefficients": {
      "delta_word_count": {
        "beta": 0.302321608407413,
        "ci_lo": 0.14205771941659726,
        "ci_hi": 0.4811943693950895
      },
      "n_verbs": {
        "beta": -0.14224564981611854,
        "ci_lo": -0.21360459656311073,
        "ci_hi": -0.07523568503052681
      },
      "error_step": {
        "beta": 0.1036143341275668,
        "ci_lo": 0.08638300141374766,
        "ci_hi": 0.12248580540249107
      },
      "n_sentences_affected": {
        "beta": -0.08060636167912749,
        "ci_lo": -0.1310037803098346,
        "ci_hi": -0.036501624356897557
      },
      "injection_position": {
        "beta": -0.05212810690779612,
        "ci_lo": -0.06555074654548625,
        "ci_hi": -0.03885159199518109
      },
      "n_advs": {
        "beta": -0.03301206755483639,
        "ci_lo": -0.05855963333524212,
        "ci_hi": -0.009074409030286973
      },
      "n_adjs": {
        "beta": -0.030817744564072807,
        "ci_lo": -0.06607456612486683,
        "ci_hi": 0.0046589161543331686
      },
      "n_entities": {
        "beta": -0.03074005624120322,
        "ci_lo": -0.08793247540582473,
        "ci_hi": 0.024978508276246005
      },
      "n_nouns": {
        "beta": -0.020551366127066286,
        "ci_lo": -0.08969111586086742,
        "ci_hi": 0.05632310070395061
      },
      "n_words_changed": {
        "beta": -0.015344920908242712,
        "ci_lo": -0.03216787512500788,
        "ci_hi": 0.0006183850108533877
      },
      "severity": {
        "beta": -0.014125544561808936,
        "ci_lo": -0.03491390733198339,
        "ci_hi": 0.006533948451550639
      }
    },
    "n": 599
  }
}