{
  "factual": {
    "linear_r2": 0.322505224225744,
    "poly_r2": 0.4189787277898871,
    "intercept": 0.15945069349882204,
    "coefficients": {
      "delta_word_count": 0.09284277745860409,
      "error_step": 0.03128562693618128,
      "injection_position": -0.022333154919946467,
      "n_adjs": -0.021278876569721314,
      "severity": 0.02016212368941379,
      "n_sentences_affected": 0.008109261777927906,
      "n_negations": 0.006190671017620595,
      "n_nouns": -0.004823289867147231,
      "n_verbs": -0.003656117084127067,
      "n_words_changed": -0.002965649892908555
    },
    "n": 1244
  },
  "omission": {
    "linear_r2": 0.1390212065636096,
    "poly_r2": 0.19311292818423287,
    "intercept": 0.1218910768267098,
    "coefficients": {
      "n_words_changed": 0.1007507268836788,
      "n_sentences_affected": -0.0799324478913164,
      "n_nouns": 0.0347481733810177,
      "delta_word_count": -0.019908600881513538,
      "severity": 0.01642710227292505,
      "n_adjs": 0.0115898220756504,
      "error_step": 0.006286808473189024,
      "n_negations": -0.00602042321361497,
      "n_verbs": 0.004922826450493549,
      "injection_position": -6.245004513516506e-17
    },
    "n": 1049
  },
  "semantic": {
    "linear_r2": 0.25373730905965874,
    "poly_r2": 0.4338670944555705,
    "intercept": 0.1431366807663003,
    "coefficients": {
      "delta_word_count": 0.06033972357207214,
      "n_adjs": 0.053118796662247544,
      "error_step": 0.044943090708985,
      "n_sentences_affected": -0.036181024497425975,
      "n_words_changed": -0.022702326408696176,
      "injection_position": -0.01969027574701904,
      "severity": 0.015080432203928348,
      "n_negations": -0.009926210199891074,
      "n_nouns": -0.0029075252921072206,
      "n_verbs": 0.0007607350223226569
    },
    "n": 1124
  }
}