model,error_type,step_name,vulnerability,max_failure_rate,n_severities
claude-3-haiku,factual,compose,0.5694232336594371,0.6560899060448041,3
claude-3-haiku,factual,search,0.12156627168849826,0.1878666493171483,3
claude-3-haiku,factual,filter,0.112647584560486,0.21142649597293134,3
claude-3-haiku,factual,summarize,0.056443398185031905,0.07755977279547065,3
claude-3-haiku,omission,compose,0.2709815267921119,0.3460490463215258,3
claude-3-haiku,omission,filter,0.18308812983981668,0.25526609636371783,3
claude-3-haiku,omission,summarize,0.16906705856731033,0.2834915867894428,3
claude-3-haiku,omission,search,0.1317557283044117,0.14868740894000881,3
claude-3-haiku,semantic,compose,0.1899105474769913,0.20151612986543394,3
claude-3-haiku,semantic,summarize,0.09229474184221238,0.11590067824766379,3
claude-3-haiku,semantic,search,0.04244785666358513,0.07156035404091829,3
claude-3-haiku,semantic,filter,0.029341742306331613,0.0631312725638217,3
