model,error_type,step_name,vulnerability,max_failure_rate,n_severities
claude-haiku-3,ragtruth_weighted,compose,0.2578721243550103,0.2578721243550103,1
claude-haiku-3,ragtruth_weighted,filter,0.07872484996484559,0.07872484996484559,1
claude-haiku-3,ragtruth_weighted,summarize,0.06760610849560564,0.06760610849560564,1
claude-haiku-3,ragtruth_weighted,search,0.029403697586587424,0.029403697586587424,1
claude-sonnet-3-7,ragtruth_weighted,compose,0.4155394539851519,0.4155394539851519,1
claude-sonnet-3-7,ragtruth_weighted,summarize,0.14305778059057375,0.14305778059057375,1
claude-sonnet-3-7,ragtruth_weighted,filter,0.036491697054745795,0.036491697054745795,1
claude-sonnet-3-7,ragtruth_weighted,search,0.001440002908007915,0.001440002908007915,1
claude-sonnet-4,ragtruth_weighted,compose,0.36174494573614596,0.36174494573614596,1
claude-sonnet-4,ragtruth_weighted,summarize,0.0528025987791396,0.0528025987791396,1
claude-sonnet-4,ragtruth_weighted,filter,0.03597735113161893,0.03597735113161893,1
claude-sonnet-4,ragtruth_weighted,search,0.012821687679325582,0.012821687679325582,1
llama-3.1-8b,ragtruth_weighted,compose,0.27804763362751833,0.34377004413665624,3
llama-3.1-8b,ragtruth_weighted,summarize,0.08600928100566473,0.11766139599001345,3
llama-3.1-8b,ragtruth_weighted,filter,0.08450732707195051,0.10552807190524888,3
llama-3.1-8b,ragtruth_weighted,search,0.05943010184045582,0.09093148186646048,3
