model,error_type,step_name,vulnerability,max_failure_rate,n_severities
claude-3-haiku,factual,compose,0.6560899060448041,0.6560899060448041,1
claude-3-haiku,factual,search,0.09065543072398573,0.09065543072398573,1
claude-3-haiku,factual,summarize,0.0679257199192252,0.0679257199192252,1
claude-3-haiku,factual,filter,0.05401366929420332,0.05401366929420332,1
claude-3-haiku,omission,compose,0.3460490463215258,0.3460490463215258,1
claude-3-haiku,omission,search,0.11715395547460662,0.11715395547460662,1
claude-3-haiku,omission,filter,0.1077933467501164,0.1077933467501164,1
claude-3-haiku,omission,summarize,0.07509677704050817,0.07509677704050817,1
claude-3-haiku,semantic,compose,0.17844874344603165,0.17844874344603165,1
claude-3-haiku,semantic,summarize,0.09871632616163456,0.09871632616163456,1
claude-3-haiku,semantic,search,0.010847947929850187,0.010847947929850187,1
claude-3-haiku,semantic,filter,0.0,0.0,1
