{
  "factual": {
    "linear_r2_train": 0.16880996100200363,
    "linear_r2_cv": 0.08948430678217056,
    "linear_r2_cv_std": 0.08595310833995694,
    "poly_r2_train": 0.26530924675391965,
    "poly_r2_cv": 0.055179525197186254,
    "poly_r2_cv_std": 0.09869241511767014,
    "intercept": 0.29706339860140224,
    "coefficients": {
      "delta_word_count": {
        "beta": 0.29973047095694005,
        "ci_lo": 0.14328102178881114,
        "ci_hi": 0.45346564750603957
      },
      "n_nouns": {
        "beta": -0.11070912038558753,
        "ci_lo": -0.18018500365971277,
        "ci_hi": -0.0415790322325055
      },
      "error_step": {
        "beta": 0.10996781941242317,
        "ci_lo": 0.09672447682139822,
        "ci_hi": 0.12277168915441096
      },
      "severity_physical": {
        "beta": -0.10986586001310536,
        "ci_lo": -0.15566470590423553,
        "ci_hi": -0.06289701459374453
      },
      "n_words_changed": {
        "beta": -0.06073294307180651,
        "ci_lo": -0.13733875470742338,
        "ci_hi": 0.009911647605639928
      },
      "n_adjs": {
        "beta": -0.05084240618141192,
        "ci_lo": -0.08264576281393084,
        "ci_hi": -0.021332097741027522
      },
      "n_entities": {
        "beta": 0.04870817580088123,
        "ci_lo": 0.03250147336036782,
        "ci_hi": 0.06512586386802212
      },
      "n_advs": {
        "beta": -0.03996809203021416,
        "ci_lo": -0.08048744097333202,
        "ci_hi": 0.003856715337788009
      },
      "n_verbs": {
        "beta": -0.037867173759350614,
        "ci_lo": -0.0830540007941773,
        "ci_hi": 0.0053282121426777365
      },
      "n_sentences_affected": {
        "beta": 0.02823972836546697,
        "ci_lo": -0.04362978659882102,
        "ci_hi": 0.10245821273433416
      },
      "injection_position": {
        "beta": -0.007593796888799159,
        "ci_lo": -0.020936554439194035,
        "ci_hi": 0.0069515970915879285
      }
    },
    "n": 2760
  },
  "omission": {
    "linear_r2_train": 0.05280126215499137,
    "linear_r2_cv": -0.0954171663510008,
    "linear_r2_cv_std": 0.13485310257480848,
    "poly_r2_train": 0.14446696703986117,
    "poly_r2_cv": -1.3464721947413623,
    "poly_r2_cv_std": 2.491336678860313,
    "intercept": 0.25622140579020963,
    "coefficients": {
      "severity_physical": {
        "beta": 0.07200814375172093,
        "ci_lo": 0.05763898928586111,
        "ci_hi": 0.08573618595073498
      },
      "n_sentences_affected": {
        "beta": -0.07071794181013322,
        "ci_lo": -0.09380649103789544,
        "ci_hi": -0.04877104545128912
      },
      "n_nouns": {
        "beta": 0.06320254349465852,
        "ci_lo": 0.013174987223766749,
        "ci_hi": 0.11568169175747166
      },
      "delta_word_count": {
        "beta": -0.05443867226555421,
        "ci_lo": -0.14488139236332534,
        "ci_hi": 0.00519602783541125
      },
      "injection_position": {
        "beta": -0.022337816516404558,
        "ci_lo": -0.03265585897791896,
        "ci_hi": -0.012356663298675536
      },
      "n_words_changed": {
        "beta": -0.01721794265781753,
        "ci_lo": -0.0501839898920658,
        "ci_hi": 0.02525844818474343
      },
      "n_entities": {
        "beta": 0.015044106277969167,
        "ci_lo": -0.0032954235575348677,
        "ci_hi": 0.03496122018027509
      },
      "n_verbs": {
        "beta": -0.014856358085460108,
        "ci_lo": -0.039451230897006924,
        "ci_hi": 0.010400313367078855
      },
      "n_adjs": {
        "beta": 0.013263608754241341,
        "ci_lo": -0.0017392255634442412,
        "ci_hi": 0.03178265726807749
      },
      "error_step": {
        "beta": -0.00430864180212966,
        "ci_lo": -0.013124875436642515,
        "ci_hi": 0.005835626751116394
      },
      "n_advs": {
        "beta": 6.0094106288811205e-05,
        "ci_lo": -0.016502739183045456,
        "ci_hi": 0.018838317239473164
      }
    },
    "n": 2399
  },
  "semantic": {
    "linear_r2_train": 0.13598446410755816,
    "linear_r2_cv": 0.0783344735002223,
    "linear_r2_cv_std": 0.07707763680046542,
    "poly_r2_train": 0.2515698965284202,
    "poly_r2_cv": -0.061456360571509584,
    "poly_r2_cv_std": 0.1748339193632937,
    "intercept": 0.20853311314395587,
    "coefficients": {
      "delta_word_count": {
        "beta": 0.04594578570773544,
        "ci_lo": 0.023609817489954537,
        "ci_hi": 0.07041905552731975
      },
      "n_nouns": {
        "beta": -0.04466675324075408,
        "ci_lo": -0.05861484290304946,
        "ci_hi": -0.030283598274527555
      },
      "n_words_changed": {
        "beta": 0.026828906477277856,
        "ci_lo": 0.020322299203303622,
        "ci_hi": 0.03667212075973943
      },
      "n_entities": {
        "beta": -0.024701501198597885,
        "ci_lo": -0.03172789621966186,
        "ci_hi": -0.01743221841848221
      },
      "n_verbs": {
        "beta": 0.02359582190926006,
        "ci_lo": 0.01519657111113245,
        "ci_hi": 0.031220733607481267
      },
      "error_step": {
        "beta": 0.023009652726544094,
        "ci_lo": 0.01485427718421766,
        "ci_hi": 0.03080917055832081
      },
      "n_advs": {
        "beta": 0.020014025394634483,
        "ci_lo": 0.008854706334474528,
        "ci_hi": 0.03077483208636324
      },
      "severity_physical": {
        "beta": -0.014861625468065087,
        "ci_lo": -0.026676753060870338,
        "ci_hi": -0.0037663200193711545
      },
      "injection_position": {
        "beta": 0.005882617955549244,
        "ci_lo": -0.0016603908145360624,
        "ci_hi": 0.0136802931151609
      },
      "n_adjs": {
        "beta": -0.005284493872715279,
        "ci_lo": -0.013142416327107099,
        "ci_hi": 0.0030195060579571577
      },
      "n_sentences_affected": {
        "beta": 1.734723475976807e-18,
        "ci_lo": -4.774826367626161e-17,
        "ci_hi": 4.948298715223838e-17
      }
    },
    "n": 2760
  }
}